xdid	date	number	packet	state	reason	person	updated
games1977-09-01	1977-09-01	1	games-1977-1979	restored			2026-10-09
games1977-09-01b	1977-09-01	2	games-1977-1979	open			
games1977-09-01c	1977-09-01	3	games-1977-1979	open			
games1977-09-01d	1977-09-01		games-1977-1979	open			
games1977-09-01e	1977-09-01	5	games-1977-1979	open			
games1977-09-01f	1977-09-01	6	games-1977-1979	open			
games1977-11-01	1977-11-01	2	games-1977-1979	open			
games1977-11-01b	1977-11-01		games-1977-1979	open			
games1977-11-01c	1977-11-01	4	games-1977-1979	open			
games1978-01-01	1978-01-01	2	games-1977-1979	open			
games1978-01-01b	1978-01-01	3	games-1977-1979	open			
games1978-03-01	1978-03-01		games-1977-1979	open			
games1978-03-01b	1978-03-01		later	later			
games1978-05-01	1978-05-01		games-1977-1979	open			
games1978-05-01b	1978-05-01		games-1977-1979	open			
games1978-05-01c	1978-05-01		games-1977-1979	open			
games1978-05-01d	1978-05-01		later	later			
games1978-07-01	1978-07-01		games-1977-1979	open			
games1978-07-01b	1978-07-01		games-1977-1979	open			
games1978-07-01c	1978-07-01		games-1977-1979	open			
games1978-07-01d	1978-07-01		later	later			
games1978-09-01	1978-09-01		games-1977-1979	open			
games1978-09-01b	1978-09-01		games-1977-1979	open			
games1978-09-01c	1978-09-01		games-1977-1979	open			
games1978-09-01d	1978-09-01		later	later			
games1978-11-01	1978-11-01		games-1977-1979	open			
games1978-11-01b	1978-11-01		games-1977-1979	open			
games1978-11-01c	1978-11-01		games-1977-1979	open			
games1978-11-01d	1978-11-01		later	later			
games1979-01-01	1979-01-01		games-1977-1979	open			
games1979-01-01b	1979-01-01		games-1977-1979	open			
games1979-01-01c	1979-01-01		games-1977-1979	open			
games1979-03-01	1979-03-01		games-1977-1979	open			
games1979-03-01b	1979-03-01		games-1977-1979	open			
games1979-03-01c	1979-03-01		games-1977-1979	open			
games1979-05-01b	1979-05-01		games-1977-1979	open			
games1979-05-01c	1979-05-01		games-1977-1979	open			
games1979-05-01d	1979-05-01		games-1977-1979	open			
games1979-05-01e	1979-05-01		later	later			
games1979-07-01b	1979-07-01		games-1977-1979	open			
games1979-07-01c	1979-07-01		games-1977-1979	open			
games1979-07-01d	1979-07-01		games-1977-1979	open			
games1979-09-01b	1979-09-01		games-1977-1979	open			
games1979-09-01c	1979-09-01		games-1977-1979	open			
games1979-09-01d	1979-09-01		later	later			
games1979-11-01	1979-11-01		games-1977-1979	open			
games1979-11-01b	1979-11-01		games-1977-1979	open			
games1979-11-01c	1979-11-01		later	later			
games1980-01-01	1980-01-01		later	later			
games1980-01-01b	1980-01-01		later	later			
games1980-01-01c	1980-01-01		later	later			
games1980-01-01d	1980-01-01		later	later			
games1980-03-01	1980-03-01		later	later			
games1980-03-01b	1980-03-01		later	later			
games1980-03-01c	1980-03-01		later	later			
games1980-03-01d	1980-03-01		later	later			
games1980-03-01f	1980-03-01		later	later			
games1980-05-01b	1980-05-01		later	later			
games1980-05-01d	1980-05-01		later	later			
games1980-05-01e	1980-05-01		later	later			
games1980-07-01	1980-07-01		later	later			
games1980-07-01b	1980-07-01		later	later			
games1980-07-01c	1980-07-01		later	later			
games1980-07-01e	1980-07-01		later	later			
games1980-07-01f	1980-07-01		later	later			
games1980-09-01	1980-09-01		later	later			
games1980-09-01b	1980-09-01		later	later			
games1980-09-01c	1980-09-01		later	later			
games1980-09-01e	1980-09-01		later	later			
games1980-11-01	1980-11-01		later	later			
games1980-11-01c	1980-11-01		later	later			
games1980-11-01d	1980-11-01		later	later			
games1981-01-01	1981-01-01		later	later			
games1981-01-01b	1981-01-01		later	later			
games1981-01-01c	1981-01-01		later	later			
games1981-01-01d	1981-01-01		later	later			
games1981-01-01f	1981-01-01		later	later			
games1981-03-01	1981-03-01		later	later			
games1981-03-01c	1981-03-01		later	later			
games1981-05-01	1981-05-01		later	later			
games1981-05-01b	1981-05-01		later	later			
games1981-05-01d	1981-05-01		later	later			
games1981-05-01e	1981-05-01		later	later			
games1981-05-01g	1981-05-01		later	later			
games1981-07-01	1981-07-01		later	later			
games1981-07-01b	1981-07-01		later	later			
games1981-07-01c	1981-07-01		later	later			
games1981-07-01e	1981-07-01		later	later			
games1981-09-01	1981-09-01		later	later			
games1981-09-01b	1981-09-01		later	later			
games1981-09-01c	1981-09-01		later	later			
games1981-09-01e	1981-09-01		later	later			
games1981-11-01b	1981-11-01		later	later			
games1981-11-01c	1981-11-01		later	later			
games1981-11-01e	1981-11-01		later	later			
games1982-01-01	1982-01-01		later	later			
games1982-01-01b	1982-01-01		later	later			
games1982-01-01d	1982-01-01		later	later			
games1982-01-01e	1982-01-01		later	later			
games1982-03-01	1982-03-01		later	later			
games1982-03-01b	1982-03-01		later	later			
games1982-05-01	1982-05-01		later	later			
games1982-05-01b	1982-05-01		later	later			
games1982-05-01c	1982-05-01		later	later			
games1982-05-01d	1982-05-01		later	later			
games1982-07-01	1982-07-01		later	later			
games1982-07-01b	1982-07-01		later	later			
games1982-07-01d	1982-07-01		later	later			
games1982-07-01e	1982-07-01		later	later			
games1982-09-01	1982-09-01		later	later			
games1982-09-01b	1982-09-01		later	later			
games1982-09-01c	1982-09-01		later	later			
games1982-09-01e	1982-09-01		later	later			
games1982-09-01f	1982-09-01		later	later			
games1982-10-01	1982-10-01		later	later			
games1982-10-01b	1982-10-01		later	later			
games1982-10-01c	1982-10-01		later	later			
games1982-10-01d	1982-10-01		later	later			
games1982-11-01	1982-11-01		later	later			
games1982-11-01c	1982-11-01		later	later			
games1982-12-01	1982-12-01		later	later			
games1982-12-01b	1982-12-01		later	later			
games1982-12-01d	1982-12-01		later	later			
games1983-01-01	1983-01-01		later	later			
games1983-01-01b	1983-01-01		later	later			
games1983-01-01c	1983-01-01		later	later			
games1983-01-01e	1983-01-01		later	later			
games1983-02-01	1983-02-01		later	later			
games1983-02-01b	1983-02-01		later	later			
games1983-03-01	1983-03-01		later	later			
games1983-03-01b	1983-03-01		later	later			
games1983-03-01c	1983-03-01		later	later			
games1983-04-01b	1983-04-01		later	later			
games1983-04-01c	1983-04-01		later	later			
games1983-04-01d	1983-04-01		later	later			
games1983-04-01e	1983-04-01		later	later			
games1983-05-01	1983-05-01		later	later			
games1983-05-01b	1983-05-01		later	later			
games1983-05-01c	1983-05-01		later	later			
games1983-06-01	1983-06-01		later	later			
games1983-06-01b	1983-06-01		later	later			
games1983-06-01c	1983-06-01		later	later			
games1983-07-01	1983-07-01		later	later			
games1983-07-01b	1983-07-01		later	later			
games1983-07-01c	1983-07-01		later	later			
games1983-07-01e	1983-07-01		later	later			
games1983-08-01	1983-08-01		later	later			
games1983-08-01b	1983-08-01		later	later			
games1983-08-01c	1983-08-01		later	later			
games1983-08-01e	1983-08-01		later	later			
games1983-09-01	1983-09-01		later	later			
games1983-09-01b	1983-09-01		later	later			
games1983-09-01c	1983-09-01		later	later			
games1983-09-01e	1983-09-01		later	later			
games1983-10-01	1983-10-01		later	later			
games1983-10-01b	1983-10-01		later	later			
games1983-10-01d	1983-10-01		later	later			
games1983-11-01	1983-11-01		later	later			
games1983-11-01b	1983-11-01		later	later			
games1983-11-01c	1983-11-01		later	later			
games1983-11-01e	1983-11-01		later	later			
games1983-12-01	1983-12-01		later	later			
games1983-12-01b	1983-12-01		later	later			
games1984-01-01	1984-01-01		later	later			
games1984-01-01b	1984-01-01		later	later			
games1984-01-01c	1984-01-01		later	later			
games1984-01-01d	1984-01-01		later	later			
games1984-01-01e	1984-01-01		later	later			
games1984-02-01	1984-02-01		later	later			
games1984-02-01b	1984-02-01		later	later			
games1984-02-01c	1984-02-01		later	later			
games1984-02-01d	1984-02-01		later	later			
games1984-03-01	1984-03-01		later	later			
games1984-03-01b	1984-03-01		later	later			
games1984-03-01e	1984-03-01		later	later			
games1984-04-01	1984-04-01		later	later			
games1984-04-01b	1984-04-01		later	later			
games1984-04-01c	1984-04-01		later	later			
games1984-04-01e	1984-04-01		later	later			
games1984-05-01	1984-05-01		later	later			
games1984-05-01b	1984-05-01		later	later			
games1984-05-01d	1984-05-01		later	later			
games1984-06-01	1984-06-01		later	later			
games1984-06-01b	1984-06-01		later	later			
games1984-06-01d	1984-06-01		later	later			
games1984-07-01	1984-07-01		later	later			
games1984-07-01b	1984-07-01		later	later			
games1984-08-01	1984-08-01		later	later			
games1984-08-01b	1984-08-01		later	later			
games1984-08-01c	1984-08-01		later	later			
games1984-08-01e	1984-08-01		later	later			
games1984-09-01	1984-09-01		later	later			
games1984-09-01b	1984-09-01		later	later			
games1984-09-01d	1984-09-01		later	later			
games1984-10-01	1984-10-01		later	later			
games1984-10-01b	1984-10-01		later	later			
games1984-10-01c	1984-10-01		later	later			
games1984-11-01	1984-11-01		later	later			
games1984-11-01b	1984-11-01		later	later			
games1984-11-01c	1984-11-01		later	later			
games1984-11-01d	1984-11-01		later	later			
games1984-11-01e	1984-11-01		later	later			
games1984-12-01b	1984-12-01		later	later			
games1984-12-01c	1984-12-01		later	later			
games1984-12-01d	1984-12-01		later	later			
games1984-12-01e	1984-12-01		later	later			
games1985-01-01	1985-01-01		later	later			
games1985-01-01b	1985-01-01		later	later			
games1985-01-01c	1985-01-01		later	later			
games1985-01-01d	1985-01-01		later	later			
games1985-02-01	1985-02-01		later	later			
games1985-02-01b	1985-02-01		later	later			
games1985-02-01c	1985-02-01		later	later			
games1985-02-01d	1985-02-01		later	later			
games1985-03-01	1985-03-01		later	later			
games1985-03-01b	1985-03-01		later	later			
games1985-03-01c	1985-03-01		later	later			
games1985-04-01	1985-04-01		later	later			
games1985-04-01b	1985-04-01		later	later			
games1985-04-01c	1985-04-01		later	later			
games1985-04-01d	1985-04-01		later	later			
games1985-04-01e	1985-04-01		later	later			
games1985-04-01f	1985-04-01		later	later			
games1985-04-01h	1985-04-01		later	later			
games1985-04-01i	1985-04-01		later	later			
games1985-05-01	1985-05-01		later	later			
games1985-05-01b	1985-05-01		later	later			
games1985-05-01d	1985-05-01		later	later			
games1985-06-01	1985-06-01		later	later			
games1985-06-01b	1985-06-01		later	later			
games1985-06-01c	1985-06-01		later	later			
games1985-06-01d	1985-06-01		later	later			
games1985-06-01e	1985-06-01		later	later			
games1985-06-01f	1985-06-01		later	later			
games1985-07-01	1985-07-01		later	later			
games1985-07-01b	1985-07-01		later	later			
games1985-07-01c	1985-07-01		later	later			
games1985-07-01d	1985-07-01		later	later			
games1985-07-01e	1985-07-01		later	later			
games1985-08-01	1985-08-01		later	later			
games1985-08-01b	1985-08-01		later	later			
games1985-08-01c	1985-08-01		later	later			
games1985-08-01d	1985-08-01		later	later			
games1985-08-01e	1985-08-01		later	later			
games1985-09-01	1985-09-01		later	later			
games1985-09-01b	1985-09-01		later	later			
games1985-09-01c	1985-09-01		later	later			
games1985-09-01d	1985-09-01		later	later			
games1985-10-01	1985-10-01		later	later			
games1985-10-01b	1985-10-01		later	later			
games1985-10-01d	1985-10-01		later	later			
games1985-10-01e	1985-10-01		later	later			
games1985-11-01	1985-11-01		later	later			
games1985-11-01b	1985-11-01		later	later			
games1985-11-01c	1985-11-01		later	later			
games1985-12-01	1985-12-01		later	later			
games1985-12-01b	1985-12-01		later	later			
games1985-12-01c	1985-12-01		later	later			
games1985-12-01d	1985-12-01		later	later			
games1985-12-01e	1985-12-01		later	later			
games1986-01-01	1986-01-01		later	later			
games1986-01-01b	1986-01-01		later	later			
games1986-01-01c	1986-01-01		later	later			
games1986-01-01d	1986-01-01		later	later			
games1986-01-01e	1986-01-01		later	later			
games1986-02-01	1986-02-01		later	later			
games1986-02-01b	1986-02-01		later	later			
games1986-02-01c	1986-02-01		later	later			
games1986-02-01d	1986-02-01		later	later			
games1986-02-01e	1986-02-01		later	later			
games1986-03-01	1986-03-01		later	later			
games1986-03-01b	1986-03-01		later	later			
games1986-03-01c	1986-03-01		later	later			
games1986-04-01	1986-04-01		later	later			
games1986-04-01b	1986-04-01		later	later			
games1986-04-01c	1986-04-01		later	later			
games1986-04-01d	1986-04-01		later	later			
games1986-05-01	1986-05-01		later	later			
games1986-05-01b	1986-05-01		later	later			
games1986-05-01c	1986-05-01		later	later			
games1986-06-01	1986-06-01		later	later			
games1986-06-01b	1986-06-01		later	later			
games1986-06-01c	1986-06-01		later	later			
games1986-06-01d	1986-06-01		later	later			
games1986-07-01	1986-07-01		later	later			
games1986-07-01b	1986-07-01		later	later			
games1986-07-01c	1986-07-01		later	later			
games1986-08-01	1986-08-01		later	later			
games1986-08-01b	1986-08-01		later	later			
games1986-08-01c	1986-08-01		later	later			
games1986-09-01	1986-09-01		later	later			
games1986-09-01b	1986-09-01		later	later			
games1986-09-01c	1986-09-01		later	later			
games1986-09-01d	1986-09-01		later	later			
games1986-10-01	1986-10-01		later	later			
games1986-10-01b	1986-10-01		later	later			
games1986-10-01c	1986-10-01		later	later			
games1986-10-01d	1986-10-01		later	later			
games1986-11-01	1986-11-01		later	later			
games1986-11-01b	1986-11-01		later	later			
games1986-11-01c	1986-11-01		later	later			
games1986-11-01d	1986-11-01		later	later			
games1986-12-01	1986-12-01		later	later			
games1986-12-01b	1986-12-01		later	later			
games1986-12-01c	1986-12-01		later	later			
games1986-12-01d	1986-12-01		later	later			
games1986-12-01e	1986-12-01		later	later			
games1986-12-01f	1986-12-01		later	later			
games1987-01-01	1987-01-01		later	later			
games1987-01-01b	1987-01-01		later	later			
games1987-01-01c	1987-01-01		later	later			
games1987-02-01	1987-02-01		later	later			
games1987-02-01b	1987-02-01		later	later			
games1987-02-01c	1987-02-01		later	later			
games1987-04-01	1987-04-01		later	later			
games1987-04-01b	1987-04-01		later	later			
games1987-04-01c	1987-04-01		later	later			
games1987-04-01d	1987-04-01		later	later			
games1987-06-01	1987-06-01		later	later			
games1987-06-01b	1987-06-01		later	later			
games1987-06-01c	1987-06-01		later	later			
games1987-06-01d	1987-06-01		later	later			
games1987-08-01	1987-08-01		later	later			
games1987-08-01b	1987-08-01		later	later			
games1987-08-01c	1987-08-01		later	later			
games1987-08-01d	1987-08-01		later	later			
games1987-08-01e	1987-08-01		later	later			
games1987-10-01	1987-10-01		later	later			
games1987-10-01b	1987-10-01		later	later			
games1987-10-01c	1987-10-01		later	later			
games1987-10-01d	1987-10-01		later	later			
games1987-10-01e	1987-10-01		later	later			
games1987-10-01f	1987-10-01		later	later			
games1988-01-01	1988-01-01		later	later			
games1988-01-01b	1988-01-01		later	later			
games1988-01-01c	1988-01-01		later	later			
games1988-01-01d	1988-01-01		later	later			
games1988-01-01e	1988-01-01		later	later			
games1988-01-01f	1988-01-01		later	later			
games1988-01-01g	1988-01-01		later	later			
games1988-03-01	1988-03-01		later	later			
games1988-03-01b	1988-03-01		later	later			
games1988-03-01c	1988-03-01		later	later			
games1988-03-01d	1988-03-01		later	later			
games1988-03-01e	1988-03-01		later	later			
games1988-05-01	1988-05-01		later	later			
games1988-05-01b	1988-05-01		later	later			
games1988-05-01c	1988-05-01		later	later			
games1988-05-01e	1988-05-01		later	later			
games1988-05-01g	1988-05-01		later	later			
games1988-05-01h	1988-05-01		later	later			
games1988-05-01i	1988-05-01		later	later			
games1988-07-01	1988-07-01		later	later			
games1988-07-01b	1988-07-01		later	later			
games1988-07-01c	1988-07-01		later	later			
games1988-07-01d	1988-07-01		later	later			
games1988-07-01e	1988-07-01		later	later			
games1988-07-01f	1988-07-01		later	later			
games1988-07-01g	1988-07-01		later	later			
games1988-09-01	1988-09-01		later	later			
games1988-09-01b	1988-09-01		later	later			
games1988-09-01c	1988-09-01		later	later			
games1988-09-01d	1988-09-01		later	later			
games1988-09-01e	1988-09-01		later	later			
games1988-09-01g	1988-09-01		later	later			
games1988-11-01	1988-11-01		later	later			
games1988-11-01b	1988-11-01		later	later			
games1988-11-01c	1988-11-01		later	later			
games1988-11-01d	1988-11-01		later	later			
games1988-11-01e	1988-11-01		later	later			
games1988-11-01f	1988-11-01		later	later			
games1989-01-01	1989-01-01		later	later			
games1989-01-01b	1989-01-01		later	later			
games1989-01-01c	1989-01-01		later	later			
games1989-01-01d	1989-01-01		later	later			
games1989-01-01e	1989-01-01		later	later			
games1989-01-01f	1989-01-01		later	later			
games1989-01-01g	1989-01-01		later	later			
games1989-01-01h	1989-01-01		later	later			
games1989-01-01i	1989-01-01		later	later			
games1989-02-01	1989-02-01		later	later			
games1989-02-01b	1989-02-01		later	later			
games1989-02-01c	1989-02-01		later	later			
games1989-02-01d	1989-02-01		later	later			
games1989-02-01e	1989-02-01		later	later			
games1989-02-01f	1989-02-01		later	later			
games1989-02-01g	1989-02-01		later	later			
games1989-04-01	1989-04-01		later	later			
games1989-04-01b	1989-04-01		later	later			
games1989-04-01c	1989-04-01		later	later			
games1989-04-01d	1989-04-01		later	later			
games1989-04-01e	1989-04-01		later	later			
games1989-06-01	1989-06-01		later	later			
games1989-06-01b	1989-06-01		later	later			
games1989-06-01c	1989-06-01		later	later			
games1989-06-01d	1989-06-01		later	later			
games1989-06-01f	1989-06-01		later	later			
games1989-06-01g	1989-06-01		later	later			
games1989-08-01	1989-08-01		later	later			
games1989-08-01b	1989-08-01		later	later			
games1989-08-01c	1989-08-01		later	later			
games1989-08-01d	1989-08-01		later	later			
games1989-08-01e	1989-08-01		later	later			
games1989-08-01f	1989-08-01		later	later			
games1989-10-01	1989-10-01		later	later			
games1989-10-01b	1989-10-01		later	later			
games1989-10-01c	1989-10-01		later	later			
games1989-10-01d	1989-10-01		later	later			
games1989-10-01e	1989-10-01		later	later			
games1989-10-01f	1989-10-01		later	later			
games1989-12-01	1989-12-01		later	later			
games1989-12-01b	1989-12-01		later	later			
games1989-12-01c	1989-12-01		later	later			
games1989-12-01d	1989-12-01		later	later			
games1989-12-01e	1989-12-01		later	later			
games1989-12-01f	1989-12-01		later	later			
games1989-12-01g	1989-12-01		later	later			
games1990-03-01	1990-03-01		later	later			
games1990-03-01b	1990-03-01		later	later			
games1990-03-01c	1990-03-01		later	later			
games1990-03-01d	1990-03-01		later	later			
games1990-03-01e	1990-03-01		later	later			
games1991-07-01	1991-07-01		later	later			
games1991-07-01b	1991-07-01		later	later			
games1991-07-01c	1991-07-01		later	later			
games1991-08-01	1991-08-01		later	later			
games1991-08-01b	1991-08-01		later	later			
games1991-08-01c	1991-08-01		later	later			
games1991-10-01	1991-10-01		later	later			
games1991-10-01b	1991-10-01		later	later			
games1991-10-01c	1991-10-01		later	later			
games1991-12-01	1991-12-01		later	later			
games1991-12-01b	1991-12-01		later	later			
games1991-12-01c	1991-12-01		later	later			
games1991-12-01d	1991-12-01		later	later			
games1992-02-01	1992-02-01		later	later			
games1992-02-01b	1992-02-01		later	later			
games1992-04-01	1992-04-01		later	later			
games1992-04-01b	1992-04-01		later	later			
games1992-04-01c	1992-04-01		later	later			
games1992-04-01d	1992-04-01		later	later			
games1992-04-01e	1992-04-01		later	later			
games1992-06-01	1992-06-01		later	later			
games1992-06-01b	1992-06-01		later	later			
games1992-08-01	1992-08-01		later	later			
games1992-08-01b	1992-08-01		later	later			
games1992-08-01c	1992-08-01		later	later			
games1992-08-01d	1992-08-01		later	later			
games1992-10-01	1992-10-01		later	later			
games1992-10-01b	1992-10-01		later	later			
games1992-12-01	1992-12-01		later	later			
games1992-12-01b	1992-12-01		later	later			
games1992-12-01c	1992-12-01		later	later			
games1992-12-01d	1992-12-01		later	later			
games1993-02-01	1993-02-01		later	later			
games1993-02-01b	1993-02-01		later	later			
games1993-02-01c	1993-02-01		later	later			
games1993-02-01d	1993-02-01		later	later			
games1993-02-01e	1993-02-01		later	later			
games1993-04-01	1993-04-01		later	later			
games1993-04-01b	1993-04-01		later	later			
games1993-04-01c	1993-04-01		later	later			
games1993-04-01d	1993-04-01		later	later			
games1993-06-01	1993-06-01		later	later			
games1993-06-01b	1993-06-01		later	later			
games1993-06-01c	1993-06-01		later	later			
games1993-06-01d	1993-06-01		later	later			
games1993-08-01	1993-08-01		later	later			
games1993-08-01b	1993-08-01		later	later			
games1993-08-01c	1993-08-01		later	later			
games1993-08-01d	1993-08-01		later	later			
games1995-10-01	1995-10-01		later	later			
games1995-10-01b	1995-10-01		later	later			
games1997-02-01	1997-02-01		later	later			
games1997-02-01b	1997-02-01		later	later			
games1997-02-01c	1997-02-01		later	later			
games1997-02-01d	1997-02-01		later	later			
games1997-04-01	1997-04-01		later	later			
games1997-04-01b	1997-04-01		later	later			
games1997-04-01c	1997-04-01		later	later			
games1997-10-01	1997-10-01		later	later			
games1997-10-01b	1997-10-01		later	later			
games1997-10-01c	1997-10-01		later	later			
games1998-02-01	1998-02-01		later	later			
games1998-02-01b	1998-02-01		later	later			
games1998-02-01c	1998-02-01		later	later			
games1999-10-01	1999-10-01		later	later			
games1999-10-01b	1999-10-01		later	later			
games1999-10-01c	1999-10-01		later	later			
games1999-10-01d	1999-10-01		later	later			
games1999-10-01e	1999-10-01		later	later			
games1999-10-01f	1999-10-01		later	later			
